Bureau Number,Primary Name,Sources (EE),Sources (Revenue),Sources (POCs)
357171,DESERT HAVEN ENTERPRISES A NON PROFIT,"1. https://rocketreach.co/desert-haven-enterprises-inc-profile_b5acb725f9e5b7c3
2. https://www.zippia.com/desert-haven-enterprises-careers-21292/demographics/
3. https://www.zoominfo.com/c/desert-haven-enterprises-inc/1153836915
4. https://projects.propublica.org/nonprofits/organizations/956006073
5. https://www.deserthaven.org/userfiles/files/DHE%20Desert%20Enterprise%20newsletter%202nd%20half%2023%2024%20printable%20version.pdf
6. https://lancasterconnect.com/desert-haven-enterprises/
7. https://www.causeiq.com/organizations/desert-haven-enterprises,956006073/
8. https://www.deserthaven.org/annual-reports.html
9. https://www.deserthaven.org/community-based-employment-services.html","1. https://projects.propublica.org/nonprofits/organizations/956006073
2. https://www.deserthaven.org/about-desert-haven-enterprises.html
3. https://www.causeiq.com/organizations/desert-haven-enterprises,956006073/
4. https://www.deserthaven.org/contact.php
5. https://www.deserthaven.org/accreditations-certifications-licenses-and-vendorization.html
6. http://www.deserthaven.org/index.php
7. https://www.guidestar.org/profile/95-6006073
8. https://www.mapquest.com/us/california/desert-haven-enterprises-inc-374836871
9. https://www.deserthaven.org"",
10. https://www.deserthaven.org
11. https://projects.propublica.org/nonprofits/organizations/956006073"",
12. https://www.deserthaven.org/about-desert-haven-enterprises.html"",
13. https://www.deserthaven.org/contact.php"",
14. https://www.causeiq.com/organizations/desert-haven-enterprises,956006073/"",
15. https://www.guidestar.org/profile/95-6006073""",
3491360,RYAN RANCH CHILDREN'S CENTER (DBA),"1. https://rocketreach.co/childrens-center-management_b44cf97bfd50d110
2. https://www.indeed.com/cmp/Ryan-Ranch-Children's-Center
3. https://www.montereybayparent.com/monterey-bay-parent-family-favorites-directory/
4. https://www.daycare.com/profile/california/monterey/ryan-ranch-children-s-center-pre-school
5. https://csumb.edu/media/csumb/legacy/legacy-site-images/section-editors/human-resources/YMWCzrwJShi1wh2pOSAe_st-block-74-1461345529458-raw-uprecruitmentresourceguide.pdf
6. https://www.countyofmonterey.gov/government/departments-a-h/human-resources/human-resources/find-a-job
7. https://www.montagehealth.org",,
5371587,"PRECAST INNOVATIONS, INC.","1. https://www.zoominfo.com/pic/precast-innovations-inc/358948371
2. https://www.zoominfo.com/c/precast-innovations-inc/358948371
3. https://rocketreach.co/precast-innovations-inc-profile_b5e11a0bf42e69d4
4. https://www.zoominfo.com/c/pre-castinnovationscom/1237083215
5. https://www.nj.gov/cgi-bin/transportation/database/viewdb.pl?database=ASPHALT_CONCRETE_PLANTS&action=view&fields=2%2C4&select=AND%3B%3B0%3B%3BEQ%3B%3BAPPROVED+CONCRETE+PLANTS+&sort=2&URL=%2Ftransportation%2Feng%2Fmaterials%2Fqualified%2FQPLDB.shtm","1. https://www.bbb.org/us/ca/orange/profile/mason-contractors/precast-innovations-inc-1126-100090474
2. https://safer.fmcsa.dot.gov/query.asp?searchtype=ANY&query_type=queryCarrierSnapshot&query_param=USDOT&query_string=2852171
3. https://www.procore.com/network/p/precast-innovations-inc-orange
4. https://rocketreach.co/precast-innovations-inc-profile_b5e11a0bf42e69d4
5. https://www.thebluebook.com/iProView/792826/precast-innovations-inc/manufacturers/
6. https://precastinnovations.com
7. https://www.buildzoom.com/contractor/precast-innovations-inc
8. https://www.zoominfo.com/c/precast-innovations-inc/358948371
9. https://precastinnovations.com"",
10. https://www.bbb.org/us/ca/orange/profile/mason-contractors/precast-innovations-inc-1126-100090474"",
11. https://safer.fmcsa.dot.gov/query.asp?searchtype=ANY&query_type=queryCarrierSnapshot&query_param=USDOT&query_string=2852171"",
12. https://rocketreach.co/precast-innovations-inc-profile_b5e11a0bf42e69d4"",
13. https://www.thebluebook.com/iProView/792826/precast-innovations-inc/manufacturers/"",
14. https://www.zoominfo.com/c/precast-innovations-inc/358948371""",
8766106,"LOVE PEACE AND OSTRICHES, INC.","1. https://www.ostrichlandusa.com/visit
2. https://vertpaleo.org/wp-content/uploads/2021/03/SVP-2017-program-book-v6-Print-Ready-with-front-cover.pdf
3. https://darwin-online.org.uk/content/frameset?pageseq=203&itemID=A268&viewtype=side
4. http://www.library.uc.edu.kh/userfiles/pdf/40.Subject%20headings%20for%20school%20and%20public%20libraries%20an%20LCSH.pdf
5. http://www.versedaily.org/archives3.shtml
6. ftp://ftp.cs.princeton.edu/pub/cs226/autocomplete/bing.txt",,
9650695,(DBA) HARBOR HEIGHTS ASSISTED LIVING & MEMORY CARE,"1. https://www.indeed.com/cmp/Harbor-Heights-Assisted-Living-&-Memory-Care/locations/CA/Anaheim
2. https://www.aplaceformom.com/community/harbor-heights-96469
3. https://olera.care/provider/harbor-heights
4. https://seniorcarefinder.com/providers/42476/ca/anaheim/harbor-heights
5. https://www.seniorly.com/assisted-living/california/anaheim/la-palma-royale
6. https://www.caring.com/senior-living/california/anaheim/harbor-heights
7. https://www.project-access.org/our-programs/resource-centers/
8. https://milestoneretirement.com/senior-living/ca/anaheim/harbor-heights/financial-resources-harbor-heights/",,
9859311,CHASE WORLDWIDE (DBA),"1. https://www.congress.gov/119/meeting/house/118889/documents/BILLS-1194ih.pdf
2. https://www.zoominfo.com/c/chase-worldwide/398943634
3. https://businessbranch.chase.com/ca/gardena/business/cbcb-Branch-5319
4. https://www.irs.gov/pub/irs-soi/eo_ca.csv
5. https://www.maximhealthcare.com/maxim-healthcare-locations/gardena-ca-regional-office/
6. https://www.gatesfoundation.org/about/committed-grants",,
9999015,D PET HOTEL HOLLYWOOD LLC (AND/OR) EJK PET,"1. https://leadiq.com/c/d-pet-hotels/5a1dc0fe2300005b00c17330
2. https://www.zoominfo.com/c/d-pet-hotels/346022549
3. https://www.simplyhired.com/browse-jobs/companies/D-Pet-Hotels-Hollywood
4. https://www.indeed.com/cmp/D-Pet-Hotels-1
5. https://www.indeed.com/cmp/D-Pet-Hotels-Hollywood
6. https://shakopeedakota.org
7. https://www.tripadvisor.com/Attraction_Review-g298082-d1077858-Reviews-or10-Cham_Island_Diving-Hoi_An_Quang_Nam_Province.html",,
810668,GLENOAKS CONVALESCENT HOSPITAL,"1. https://www.indeed.com/cmp/Glenoaks-Convalescent-Hospital/reviews
2. https://www.ihirenursing.com/orgs/220044/glenoaks-convalescent-hospital
3. https://www.zoominfo.com/pic/sherman-oaks-hospital/247824506
4. https://www.indeed.com/cmp/Glenoaks-Convalescent-Hospital
5. https://nursinghome411.org/wp-content/uploads/2019/11/PBJ-Direct-Care-Staffing-CY-2019Q2.xlsx
6. https://shermanoakshospital.org/services/sub-acute-nursing-care-center/
7. https://www.latimes.com/science/story/2025-06-06/state-suspends-troubled-nursing-home-companys-license",,
2529891,ENRICH ENTERPRISES INC.,"1. https://www.zoominfo.com/c/enrich-inc/462982325
2. https://www.bwxt.com
3. https://www.cdmsmith.com/en/
4. https://ballmergroup.org/our-grants/
5. https://www.masterbrand.com
6. https://sagehospitalitygroup.com",,
2721041,COMMEX CORPORATION,"1. https://www.zoominfo.com/pic/commex-corp/442317675
2. https://www.simplyhired.com/browse-jobs/companies/Commex-Corp
3. https://www.indeed.com/cmp/Commex-Corporation
4. https://www.zoominfo.com/c/commex-corp/442317675
5. https://www.salary.com/research/company/commex-corp-salary
6. https://www.indeed.com/cmp/Commex-Corporation/reviews?fcountry=US&floc=Hayward%2C+CA
7. https://commexcorp.com
8. https://labormarketinfo.edd.ca.gov/aspdotnet/databrowsing/empDetails.aspx?menuChoice=emp&empid=834650087&geogArea=0604000001",,
3340576,"WESTERN SAW MANUFACTURERS, INC. (CORPORATION)","1. https://rocketreach.co/western-saw-inc-profile_b5f79c88f42e8969
2. https://www.zoominfo.com/pic/western-saw-inc/127910048
3. https://www.thomasnet.com/company/western-saw-engineering-10041702/profile
4. https://us.metoree.com/categories/4841/
5. https://www.salary.com/research/company/western-saw-salary
6. https://www.zoominfo.com/c/western-saw-inc/127910048
7. https://www.datanyze.com/companies/western-saw/127910048",,
3556855,MASCORRO LEATHER (A CORP),"1. https://www.zoominfo.com/c/mascorro-leather-inc/442449694
2. https://www.latimes.com/archives/la-xpm-1996-03-27-me-51761-story.html
3. https://www.dnb.com/business-directory/company-profiles.mascorro_leather_inc.73673ec9bee76b196a22cd4a2b9bf3d9.html
4. https://www.zoominfo.com/c/mascon-leather/471196661
5. https://uspto.report/TM/87054822","1. https://www.dnb.com/business-directory/company-profiles.mascorro_leather_inc.73673ec9bee76b196a22cd4a2b9bf3d9.html
2. https://rocketreach.co/mascorro-leather-inc-profile_b5451ee7f9ba39cd
3. https://www.zoominfo.com/c/mascorro-leather-inc/442449694
4. https://www.mapquest.com/us/california/mascorro-leather-10775294
5. https://www.industrynet.com/listing/1726523/mascorro-leather-inc
6. https://www.mascorroleather.com
7. https://thegreaseshop.com/collections/mascorro-leather-1
8. https://www.mascorroleather.com"",
9. https://www.zoominfo.com/c/mascorro-leather-inc/442449694"",
10. https://rocketreach.co/mascorro-leather-inc-profile_b5451ee7f9ba39cd"",
11. https://www.dnb.com/business-directory/company-profiles.mascorro_leather_inc.73673ec9bee76b196a22cd4a2b9bf3d9.html""",
5319703,SUPERIOR EQUIPMENT SOLUTIONS,"1. https://www.zoominfo.com/c/superior-equipment-solutions-inc/92521800
2. https://www.cience.com/company/superior-equipment-solutions/-2242424111815389794
3. https://rocketreach.co/superior-equipment-solutions-management_b44760dafad1a456
4. https://rocketreach.co/superior-equipment-solutions-profile_b44760dafad1a456
5. https://www.zoominfo.com/pic/superior-equipment-solutions/436683228
6. https://www.zoominfo.com/c/superior-equipment-solutions/436683228
7. https://www.dnb.com/business-directory/company-profiles.superior_equipment_solutions.cfbd8503930fbad1f6b95d7a1e344683.html",,
5382633,HOME AGAIN LOS ANGELES A NON PROFIT,"1. https://www.homeagainla.org
2. https://www.burbankchamber.org/product-page/home-again-los-angeles
3. https://projects.propublica.org/nonprofits/organizations/262458342
4. https://www.homeagainla.org/aboutus
5. https://www.causeiq.com/organizations/family-promise-of-the-verdugos,262458342/
6. https://www.guidestar.org/profile/26-2458342
7. https://www.vica.com/list/member/home-again-los-angeles-12891",,
6236363,"COURTESY PATROL SPECIALISTS, INC.","1. https://www.zoominfo.com/c/courtesy-patrol-specialists-inc/371608408
2. https://www.bbb.org/us/ca/tustin/profile/security-guards/courtesy-patrol-specialists-inc-1126-172010327
3. https://www.salary.com/research/company/courtesy-patrol-specialists-inc-salary
4. https://www.courtesypatrolspecialists.com/Courtesy/Home/Municipalities
5. https://courtesypatrolspecialists.com
6. https://www.courtesypatrolspecialists.com/Courtesy/Home/Affiliations",,
6332374,WOMEN'S EMPOWERMENT,"1. https://www.phonebooks.com/business-profile/women-s-empowerment.p52Q92Q9QQv3A
2. https://www.zoominfo.com/c/womens-empowerment/251084842
3. https://www.causeiq.com/organizations/womens-empowerment,030520643/
4. https://projects.propublica.org/nonprofits/organizations/30520643
5. https://www.privco.com/company/womens-empowerment
6. https://www.indeed.com/cmp/Women's-Empowerment",,
6577846,"FUTURE TRANSITIONS, INC.","1. https://www.zoominfo.com/pic/future-transitions-inc/370720049
2. https://www.signalhire.com/overview/future-transitions
3. https://rocketreach.co/future-transitions-management_b4749f4cfc5cc41f
4. https://rocketreach.co/future-transitions-profile_b4749f4cfc5cc41f
5. https://www.zoominfo.com/c/future-transitions-inc/370720049
6. https://www.indeed.com/cmp/Future-Transitions,-Inc.
7. https://futuretransitions.net",,
7795248,"DELICATE COSMETICS, INC.","1. https://rocketreach.co/delicate-cosmetics-inc-management_b45cbed3fc6d36a2
2. https://www.salary.com/research/company/delicate-cosmetics-inc-salary
3. https://www.zoominfo.com/c/delicate-cosmetics/348825891
4. https://rocketreach.co/delicate-cosmetics-inc-profile_b45cbed3fc6d36a2
5. https://www.datanyze.com/companies/delicate-cosmetics/348825891
6. https://www.itape.com/career/
7. https://dat.maryland.gov/businesses/SiteAssets/Pages/default/LIST%20OF%20ENTITIES%20ENTITLED%20FOR%202026%20MARYLAND%20SAVE.pdf
8. https://www.bakermckenzie.com/en/insight/publications/2025/03/new-executive-orders-independent-federal-regulatory-agencies
9. https://www.marriott.com/en-us/hotels/wasgn-gaylord-national-resort-and-convention-center/overview/","1. https://rocketreach.co/delicate-cosmetics-inc-profile_b45cbed3fc6d36a2
2. https://topline.com/companies/delicate-cosmetics-inc
3. https://www.bbb.org/us/ca/sun-valley/profile/wholesale-toiletries/delicate-cosmetics-inc-1216-472062
4. https://www.privco.com/company/delicate-cosmetics
5. https://www.datanyze.com/companies/delicate-cosmetics/348825891
6. https://www.zoominfo.com/c/delicate-cosmetics/348825891
7. https://www.manta.com/c/mml31wx/delicate-cosmetics-inc
8. https://delicatecosmetics.com"",
9. http://delicatecosmetics.com
10. https://rocketreach.co/delicate-cosmetics-inc-profile_b45cbed3fc6d36a2"",
11. https://www.zoominfo.com/c/delicate-cosmetics/348825891"",
12. https://www.manta.com/c/mml31wx/delicate-cosmetics-inc"",
13. https://topline.com/companies/delicate-cosmetics-inc"",
14. https://www.datanyze.com/companies/delicate-cosmetics/348825891""",
8576697,4 KIDS 2 KIDS,"1. https://naicslist.com/company-profile/4-kids-2-kids-ventura-ca-93001
2. https://projects.propublica.org/nonprofits/organizations/274019540
3. https://4k2konline.com/who-we-are
4. https://www.indeed.com/cmp/4-Kids-2-Kids/reviews
5. https://www.causeiq.com/organizations/4-kids-2-kids,274019540/
6. https://www.zoominfo.com/c/4-kids-2-kids/551435268
7. https://4k2konline.com
8. https://www.guidestar.org/profile/27-4019540",,
8877957,"PRIME GLOBAL EXPRESS, INC. (A CORP)","1. https://www.zoominfo.com/c/prime-global-express-inc/482126357
2. https://www.roserocket.com/trucking-company/prime-global-express-inc-usdot-3273255
3. https://rocketreach.co/prime-global-logistics-profile_b5bf6fdef9f191dc
4. https://ncua.gov/support-services/credit-union-resources-expansion/credit-union-merger-resources/comments-proposed-credit-union-mergers",,
9155904,"FUSION METALWORKS, INC.","1. https://www.cience.com/company/fusion-metalworks/-7507723160140674561
2. https://www.zoominfo.com/c/fusion-metalworks/399458006
3. https://www.creditsafe.com/business-index/en-gb/company/fusion-metal-works-us111635356
4. https://www.zoominfo.com/c/fusion-metalworks/363721531
5. https://www.datanyze.com/companies/fusion-metalworks/399458006
6. https://www.dir.ca.gov/databases/dosh-pv/DOSH-PV.ASP?City=&County=&PERM_EXP_D=&RP_Name=ato&State_nbr=&Street_1=&ZIP5=&sortfield=Name
7. https://caom.com/Portals/0/Uploads/AssignedRisk/Depopulation%20Report%20Quarterly/2025/AR%20Depopulation%20Report%2010-2025.pdf",,
9623902,"(DBA) AMERICCARE SILICON VALLEY, INC.","1. https://growjo.com/company/The_Americare_companies
2. https://www.indeed.com/cmp/Americare-Silicon-Valley
3. https://www.zoominfo.com/pic/americare/13570053
4. https://www.truework.com/verifications/companies-industry-health-care-providers-services/
5. https://careers.hireology.com/americare-corporateoffice/2496623/description
6. https://fsapartners.ed.gov/sites/default/files/attachments/eannouncements/0717NumAppsRecbySchoolbySource.xls",,
29024,OCCIDENTAL COLLEGE,"1. https://en.wikipedia.org/wiki/Occidental_College
2. https://www.zoominfo.com/c/occidental-college/40076140
3. https://leadiq.com/c/occidental-college/5a1d8775240000240061730f/employee-directory
4. https://rocketreach.co/occidental-college-profile_b5c49c4df42e0dc4
5. https://www.timeshighereducation.com/world-university-rankings/occidental-college
6. https://www.collegeraptor.com/colleges/rankings/Occidental-College-CA--120254
7. https://www.wscuc.org/institutions/occidental-college/",,
198664,JVS WINES IMPORTS INC,"1. https://www.signalhire.com/companies/jvs-wine-spirit-imports
2. https://www.zoominfo.com/pic/jvs-imports/369941391
3. https://www.salary.com/research/company/jvs-imports-salary
4. https://rocketreach.co/jvs-wine-spirit-imports-email-format_b5f14142f910a705
5. https://rocketreach.co/jvs-wine-spirit-imports-profile_b5f14142f910a705
6. https://www.ttb.gov/media/64392/download
7. https://www.zoominfo.com/c/jvs-imports/369941391",,
561316,"DIVINE KUTS, INC.","1. https://www.ziprecruiter.com/Jobs/Before-And-After-School-Curly-Hair-Salon/-in-Acalanes-Ridge,CA
2. https://www.pa.gov/content/dam/copapwp-pagov/en/dli/documents/documents/non-compliance-lists/uc-non-compliance-list.pdf
3. https://www.treasurer.ca.gov/calsavers/meeting/2025/0820/10a.pdf
4. https://apps.hhs.texas.gov/providers/directories/HHA.xlsx
5. https://www.opentable.com/cuisine/best-steak-restaurants-antioch-ca",,
578076,BASELITE CORPORATION (DBA),"1. https://rocketreach.co/baselite-corp-profile_b5e6fdf1f42e59a3
2. https://www.zoominfo.com/pic/baselite-corp/15830963
3. https://rocketreach.co/baselite-corp-management_b5e6fdf1f42e59a3
4. https://www.datanyze.com/companies/baselite/15830963
5. https://inside.lighting/news/20w/how-big-your-favorite-lighting-co
6. https://labormarketinfo.edd.ca.gov/aspdotnet/databrowsing/empDetails.aspx?menuChoice=emp&empid=207751728&geogArea=0604000071
7. https://www.zoominfo.com/c/baselite-corp/15830963",,
867421,"PATHWAY, INC.","1. https://growjo.com/company/Pathway
2. https://rocketreach.co/pathway-inc-profile_b5c8ac34f42e35c6
3. https://www.zoominfo.com/pic/pathway-family-services-inc/365465417
4. https://www.indeed.com/cmp/Pathway-Inc/reviews?fcountry=US&floc=San+Bernardino%2C+CA
5. https://www.indeed.com/cmp/Pathway-Inc/reviews
6. https://www.grants.ca.gov/grants/opportunity-young-adult-career-pathway-program-grant-for-program-year-2024-25/
7. https://leadiq.com/c/pathways/5a1dacd02300005400a24482",,
1034921,"CLEANATION COMMERCIAL SERVICES, LLC","1. https://www.indeed.com/q-commercial-office-cleaning-l-orange-county,-ca-jobs.html
2. https://www.ziprecruiter.com/Jobs/Commercial-Cleaning-Services/--in-California
3. https://www.cleanation.com
4. https://www.mapquest.com/us/california/cleanation-commercial-service-403022036
5. https://anagocleaning.com/socal/orange/cleaning-and-janitorial-services/
6. https://www.servicemasterclean.com/servicemaster-by-obis/orange-county/commercial-cleaning/
7. https://www.cleanation.com/about.php
8. https://www.thumbtack.com/ca/orange/commercial-cleaning",,
1244639,"ROBINSON PRINTING, A DIVISION OF STEVEN LABEL","1. https://growjo.com/company/Steven_Label
2. https://www.stevenlabel.com/blog/steven-label-corporation-acquires-robinson-printing-inc
3. https://www.piworld.com/article/steven-label-acquires-robinson-printing/
4. https://www.zoominfo.com/c/steven-label-corp/100860123
5. https://www.datanyze.com/companies/steven-label/100860123
6. https://www.zoominfo.com/c/robinson-printing-inc/87491194
7. https://www.thomasnet.com/company/steven-label-298808/profile","1. https://rocketreach.co/robinson-printing-a-division-of-steven-label-profile_b5ea5f4ef42e7967
2. https://www.datanyze.com/companies/steven-label/100860123
3. https://www.zoominfo.com/c/steven-label-corp/100860123
4. https://www.stevenlabel.com/blog/celebrating-a-century-of-craftsmanship-and-dedication-robinson-printing-marks-its-100th-year
5. https://www.stevenlabel.com/company/about-us
6. https://bbs.fobshanghai.com/company/e160o085k6zs426.html
7. https://www.thomasnet.com/company/steven-label-298808/profile
8. https://www.labelandnarrowweb.com/breaking-news/steven-label-corporation-acquires-robinson-printing-inc/
9. https://www.stevenlabel.com"",
10. https://www.zoominfo.com/c/steven-label-corp/100860123"",
11. https://www.stevenlabel.com/company/about-us"",
12. https://rocketreach.co/robinson-printing-a-division-of-steven-label-profile_b5ea5f4ef42e7967"",
13. https://www.datanyze.com/companies/steven-label/100860123""",
1338522,"FOUNTAIN DAY SWIM SCHOOL, INC.","1. https://rocketreach.co/fountain-day-school-profile_b464cb36fc5d7e59
2. https://www.zoominfo.com/c/water-wings-swim-school/348431695
3. https://www.indeed.com/q-swimming-coach-l-la-porte,-tx-jobs.html
4. https://www.cityofcapegirardeau.org/departments/parks-and-recreation/aquatics/aquatic-programs/
5. https://www.fvs.edu
6. https://dat.maryland.gov/businesses/SiteAssets/Pages/default/LIST%20OF%20ENTITIES%20ENTITLED%20FOR%202026%20MARYLAND%20SAVE.pdf
7. https://www.vhparkdistrict.org",,
1835219,"L.A. T-SHIRT AND PRINT, IN (DBA)","1. https://rocketreach.co/la-shirt-printing-inc-profile_b46bb1d1fc5c928f
2. https://www.zoominfo.com/c/dtg-printing/453158278
3. https://www.datanyze.com/companies/la-shirt-printing/347844629
4. https://www.adp.com
5. https://www.zoominfo.com/c/la-shirt-printing/347844629
6. https://www.dallascowboys.com",,
2006563,M K T INNOVATIONS (DBA),"1. https://rocketreach.co/mkt-innovations-profile_b5fb6431f9c1aed5
2. http://www.mkti.com/employment/
3. https://www.indeed.com/cmp/Mkt-Innovations
4. https://www.indeed.com/cmp/Mkt-Innovations/reviews?fcountry=ALL
5. https://www.randstadusa.com/jobs/california/placentia/
6. http://www.mkti.com",,
2139440,HEARTBEAT AT 22 (A NON-PROFIT CORP),"1. https://www.indeed.com/q-heartbeat-at-22-l-palm-desert,-ca-jobs.html
2. https://www.ziprecruiter.com/c/Heartbeat-At-22/Job/Volunteer-Coordinator/-in-Palm-Desert,CA?jid=dd6f474a52391e44
3. https://lensa.com/job-v1/heartbeat-at-22/palm-desert-ca/volunteer-coordinator/5ba4af5d066dc0f7ed9b2cbe3850e595
4. https://givefreely.com/charity-directory/nonprofit/ein-454384613/
5. https://www.zoominfo.com/pic/heartbeat/387949600
6. https://www.causeiq.com/organizations/heartbeat-at-22-mamas-house,454384613/
7. https://www.snagajob.com/jobs/1161474140
8. https://www.wayup.com/i-j-Caregiver-House-Mother-Heartbeat-At-22-460031960607319/",,
2438272,"SOUTHERN CALIFORNIA DEVELOPMENT CORP OF VOLUNTEERS OF AMERICA, INC.","1. https://rocketreach.co/volunteers-of-america-profile_b5c658d9f42e0caf
2. https://www.voa.org/wp-content/uploads/2023/02/Volunteers-of-America-Inc.-and-Subsidiaries-AUD-06-30-21-FINAL.pdf
3. https://www.voa.org/wp-content/uploads/2024/12/Volunteers-of-America-Inc.-and-Subsidiaries-6-30-2024-Financial-Statements-FINAL.pdf
4. https://www.voa.org/wp-content/uploads/2023/03/Volunteers-of-America-Inc.-Financial-Statements-6-30-22.pdf
5. https://www.zoominfo.com/c/volunteers-of-america/558788034
6. https://projects.propublica.org/nonprofits/organizations/581917699/201743119349300724/full
7. https://voala.org
8. https://www.voa.org",,
2838762,"CODAR OCEAN SENSORS, INC.","1. https://rocketreach.co/codar-ocean-sensors-ltd-profile_b5c1246af42e0897
2. https://rocketreach.co/codar-ocean-sensors-ltd-management_b5c1246af42e0897
3. https://www.zoominfo.com/pic/codar-ocean-sensors-ltd/8684195
4. https://www.highergov.com/awardee/codar-ocean-sensors-ltd-10021417/
5. https://www.cbinsights.com/company/codar-ocean-sensors
6. https://www.datanyze.com/companies/codar-ocean-sensors/8684195
7. https://www.zoominfo.com/c/codar-ocean-sensors-ltd/8684195",,
2844890,CANYON VISTA CHILDREN LEARNING CENTER,"1. https://www.indeed.com/m/jobs?q=Early+Childhood+Education&l=Chatsworth%2C+CA
2. https://www.sierracanyonschool.org/community-links/employment-opportunities
3. https://www.mapquest.com/us/california/canyon-vista-children-learning-center-372150403
4. https://www.sierracanyonschool.org
5. https://www.nlacrc.org",,
2875204,PALM DESERT RESORTER ASSN. C/O: BOARD OF DIRECTORS,"1. https://opengovpay.com/employer/ca/palm-springs-desert-resort-communities-convention-and-visitors-authority/2020
2. http://pdrhoa.org
3. https://www.drminternet.com/about
4. https://www.zoominfo.com/c/palm-desert-resorter/451924647
5. https://newpdrhoa.fswp2.net/contact/
6. https://www.scpdca.com
7. https://www.sunandfungolfassociation.com/oregon-golf-adventure.html
8. https://www.theheldrich.com
9. https://copyrightsociety.org/event/2026-midwinter-meeting/",,
3269327,"CHATEAU LA JOLLA, A CALIFORNIA GENERAL PARTNERSHIP (PARTNERSHIP)","1. https://www.zoominfo.com/c/chateau-la-jolla/7684785
2. https://www.zoominfo.com/pic/chateau-la-jolla/7684785
3. https://www.seniorly.com/independent-living/california/la-jolla/chateau-la-jolla
4. https://assistedlivingmagazine.com/nursing-home/chateau-la-jolla/
5. https://www.caring.com/senior-living/california/la-jolla/chateau-la-jolla
6. https://chateaulajolla.com
7. https://www.aplaceformom.com/community/chateau-la-jolla-55302",,
4126421,THE BAY SCHOOL,"1. https://www.privateschoolreview.com/the-bay-school-profile/95062
2. https://www.zoominfo.com/c/the-bay-school/4113469
3. https://www.zoominfo.com/pic/the-bay-school/4113469
4. https://lookout.co/as-enrollment-falls-some-santa-cruz-county-school-districts-see-their-ranks-of-administrators-swell/story
5. https://projects.propublica.org/nonprofits/organizations/943313535
6. https://www.causeiq.com/organizations/the-bay-school,943313535/
7. https://www.mayinstitute.org/pdfs/NEW%20pdfs/Bay-School-Accountability-Report-Card_2025-26.pdf
8. https://www.mayinstitute.org/autism-schools/santa-cruz/about/our-school.html
9. https://www.ed-data.org/school/Santa-Cruz/Santa-Cruz-City-Elementary/Bay-View-Elementary",,
4750839,"ACC PRECISION, INC.","1. https://naicslist.com/company-profile/acc-precision-inc-oxnard-ca-93030
2. https://www.zoominfo.com/pic/acc-precision-inc/353668037
3. https://albmac.com/about/careers/
4. https://employnet.com
5. https://www.txdmv.gov/sites/default/files/body-files/Texas_Certified_Lienholders_List.pdf
6. https://www.zoominfo.com/c/acc-precision-inc/353668037
7. https://www.tendril.us/post/top-10-b2b-data-providers-for-sales-intelligence
8. https://www.in.gov/spd/benefits/files/2026-Dental-Booklet.pdf",,
5003745,"FITDOG HEALTH & SOCIAL CLUB, INC.","1. https://www.indeed.com/cmp/Fitdog-Club
2. https://www.indeed.com/cmp/Fitdog-Sports-Club/reviews?fcountry=US&floc=Santa+Monica%2C+CA
3. https://www.fitdog.com
4. https://www.fitdog.com/employment/
5. https://www.datanyze.com/companies/fitdog-sports-club/347866049
6. https://www.zoominfo.com/pic/fitdog-sports-club-llc/347866049",,
5521649,SUMMERSET PROFESSIONAL GRILLS (DBA),"1. https://www.zoominfo.com/pic/summerset-grills/357023205
2. https://usmanufacturingreport.com/article/summerset-grills/
3. https://www.elevatedmagazines.com/single-post/summerset-grills
4. https://summersetgrills.com",,
5679175,"MCO GROUND, INC.","1. https://www.sdge.com/sites/default/files/ISN%20COMPLIANT%20CONTRACTOR%20LIST_02FEB2026.pdf
2. https://www.congress.gov/119/crec/2026/01/20/172/13/CREC-2026-01-20-pt1-PgH949-7.pdf
3. https://jobtoday.com/us/jobs-risk-compliance/ny_oceanside
4. https://scag.ca.gov/sites/default/files/2024-05/rc060123fullpacket_0.pdf
5. https://board.oc.gov/sites/bos.egovoc.com/files/2025-12/rev-sup12022025_0.pdf
6. https://www.primeflight.com",,
5823292,"MICHELE STREET AND ASSOCIATES, INC.","1. https://mbakerintl.com/en/
2. https://www.jacksonlewis.com/people?city=5
3. https://www.peievents.com/en/event/operating-partners-human-capital-forum/
4. https://beaconpointe.com/retirement-plan-services/
5. https://www.acmg.net/ACMG/About_ACMG/Leadership-Staff.aspx
6. https://www.gurnick.edu/wp-content/uploads/Gurnick-Academy-of-Medical-Arts-School-Addendum.pdf
7. https://www.semesteratsea.org/voyages/spring-2026/faculty/
8. https://www.medtronic.com/en-us/index.html",,
6408387,"NATIONAL ORGANIC PACKING COMPANY, INC. (CORPORATION)","1. https://ccof.org/directory-member/national-organic-packing-co/
2. https://www.joeproduce.com/produce-category/citrus
3. https://www.ziprecruiter.com/c/Blue-Banner-Company/Job/Accounts-Receivable-(A-R)-Specialist/-in-Riverside,CA?jid=9711e78bc6613474
4. https://www.usda.gov/sites/default/files/documents/22-2026-CJ-APHIS.pdf
5. https://project-equity.org/news/employee-ownership-insider/small-businesses-employee-ownership-success/
6. https://ota.com/membership/ota-members?page=21
7. https://www.organicproducenetwork.com/organic-growers/many-projects-under-way-at-uc-organic-agriculture-institute",,
6534480,CARLSBAD EDUCATIONAL FOUNDATION,"1. https://growjo.com/company/Carlsbad_Educational_Foundation
2. https://www.zoominfo.com/pic/carlsbad-educational-foundation/27103822
3. https://www.zoominfo.com/c/carlsbad-educational-foundation/27103822
4. https://projects.propublica.org/nonprofits/organizations/953768448
5. https://carlsbad.org/Carlsbad-Educational-Foundation-puts-children-first/
6. https://www.causeiq.com/organizations/carlsbad-educational-foundation,953768448/
7. https://www.charitynavigator.org/ein/953768448
8. https://www.sdfoundation.org/community-impact/regional-affiliates/carlsbad-charitable-foundation/
9. https://publicpay.ca.gov/Reports/SpecialDistricts/SpecialDistrict.aspx?entityid=3357&year=2023&rpt=3",,
7328562,LAUREN MOSHI L.L.C.,"1. https://rocketreach.co/lauren-moshi-llc-profile_b5caa3a3f42e1425
2. https://rocketreach.co/lauren-moshi-llc-management_b5caa3a3f42e1425
3. https://www.zoominfo.com/c/lauren-moshi-llc/346120811
4. https://www.datanyze.com/companies/lauren-moshi/346120811
5. https://www.dnb.com/business-directory/company-profiles.lauren_moshi_llc.e2b9613063cf214b821f80b7a00d4d15.html
6. https://www.zoominfo.com/pic/lauren-moshi-llc/346120811
7. https://www.michaellaurenclothing.com/pages/terms-and-condition",,
7601848,"SYNTHETIC GENOMICS VACCINES, INC.","1. https://www.fiercebiotech.com/biotech/fierce-biotech-layoff-tracker-2025
2. https://www.synbiobeta.com
3. https://www.ycombinator.com/companies/industry/biotech
4. https://www.comparably.com/companies/synthetic-genomics",,
8583309,AUNT JOYS CAKES INC (A CORP),"1. https://www.zoominfo.com/c/aunt-joys-cakes/15995846
2. https://www.manta.com/c/mmd4g5c/aunt-joys-cakes
3. https://www.datanyze.com/companies/aunt-joys-cakes/15995846",,
9073677,STEWART HANDLING SYSTEMS INC (A CORP),"1. https://www.thomasnet.com/company/stewart-handling-systems-587897/profile
2. https://www.zoominfo.com/c/stewart-handling-systems-inc/343938781
3. https://leadiq.com/c/handling-systems-inc/5a1d99d72300005b0088be3e
4. https://www.indeed.com/cmp/stewart-handling-systems
5. https://www.stewarthandling.com/pallet-handling-equip",,
9174008,JOURNEY TOGETHER CARE HOME LLC,"1. https://www.dds.ca.gov/wp-content/uploads/2025/02/Group1_20250204.xlsx
2. https://www.officeonaging.ocgov.com/sites/officeonaging/files/2025-06/2025%20Adult%20Residential%20List%20(Upd-06.2025).pdf
3. https://homeless.lacounty.gov/job-listings/
4. https://suddath.com
5. https://www.lacada.com
6. https://www.mounthermon.org/events/family-camp
7. https://www.indeed.com/q-afternoon-jobs-l-baldwin-park,-ca-jobs.html
8. https://rv.campingworld.com/dealer/la-mirada-california",,
9637212,5 STAR SECURITY SERVICES DBA,"1. https://5starsecurityservices.com
2. https://www.indeed.com/cmp/Five-Star-Security/reviews
3. https://www.ziprecruiter.com/Jobs/5-Star-Security
4. https://www.indeed.com/cmp/5-Star-Security-Services,-Inc./salaries/Security-Officer
5. https://www.dir.ca.gov/wcab/wcab-Decisions.htm
6. https://www.wsls.com/news/politics/2026/02/09/the-latest-justice-department-will-allow-lawmakers-to-see-unredacted-epstein-files/
7. https://www.chanel.com/us/careers/",,
9668906,TRANSITION CARE INC,"1. https://www.indeed.com/cmp/Transition-Care-Telemetry,-Inc.
2. https://www.dir.ca.gov/osip/privateroster.pdf
3. https://lpconv.com
4. https://www.pbgc.gov/sites/default/files/documents/mp-transferred-plans.xlsx
5. http://publichealth.lacounty.gov/acd/SNFHonorsProgram/index.htm
6. https://www.cms.gov/medicare/health-safety-standards/certification-compliance/public-notices",,
9889123,"J ALEXANDER COLLECTION, INC.","1. https://www.zoominfo.com/c/j-alexanders-holdings-inc/3772795
2. https://www.zoominfo.com/pic/j-alexander-furniture/358782166
3. https://rocketreach.co/j-alexanders-restaurants-profile_b5dfd16df42e4910
4. https://www.zoominfo.com/c/j-alexander-furniture/358782166
5. https://restaurantbusinessonline.com/operations/j-alexanders-furloughs-3400-sales-free-fall
6. https://en.wikipedia.org/wiki/J._Alexander's
7. https://www.comparably.com/companies/j-alexander-s-holdings/reviews/team
8. https://www.jalexanders.com",,
9951647,"FOODS ON THE FLY, LLC (LLC)","1. https://www.zoominfo.com/pic/high-flying-foods-inc/346263450
2. https://www.craftydelivers.com/locations
3. https://www.irs.gov/pub/irs-pdf/p463.pdf
4. https://www.darlingii.com/enviroflight
5. https://en.wikipedia.org/wiki/Waymo",,
181769,"JEAN LARRIVEE GUITARS USA, INC.","1. https://www.zoominfo.com/c/jean-larrivee-guitars-usa-inc/22135836
2. https://www.zoominfo.com/pic/jean-larrivee-guitars-usa-inc/22135836
3. https://rocketreach.co/cf-martin-co-profile_b5c94c88f42e37ab
4. https://acousticguitar.com/larrivee-guitars/
5. https://southernvintageguitars.com/pages/history-of-larrivee-acoustic-guitars
6. https://www.larrivee.com
7. https://www.musicradar.com/news/guitars/jean-larrivee-talks-unconventional-tone-woods-606141",,
402256,PATRIOT ENVIRONMENTAL LABORATORY SERVICES INC (DBA),"1. https://www.indeed.com/cmp/Patriot-Environmental-Laboratory-Services
2. https://www.patriotenvironmental.com/why-work-at-patriot/
3. https://www.patriotenvironmental.com/career-opportunities/
4. https://www.indeed.com/cmp/Patriot-Environmental-Services/reviews
5. https://www.patriotenvironmental.com
6. https://www.zoominfo.com/pic/patriot-environmental-laboratory-services-inc/353511306
7. https://www.govinfo.gov/content/pkg/CREC-2019-09-26/pdf/CREC-2019-09-26.pdf",,
663987,BEE DARLIN' INC.,"1. https://www.zoominfo.com/c/bee-darlin-inc/363460316
2. https://rocketreach.co/bee-darlin-inc-management_b5f98c80f9c7e665
3. https://rocketreach.co/bee-darlin-inc-profile_b5f98c80f9c7e665
4. https://www.salary.com/research/company/hourly-wage-for-bee-darlin-inc
5. https://www.dnb.com/business-directory/company-profiles.bee_darlin_inc.5e172b5f295002890b0393f2332f82d5.html
6. https://rocketreach.co/bee-darlin-inc-profile_b4433dcafa0c7cb7
7. https://extratv.com/2026/01/23/warner-bros-discovery-s-say-yes-to-the-prom-is-back-for-2026/
8. https://www.wbd.com/news/dresses-dreams-warner-bros-discoverys-say-yes-prom-and-macys-bring-style-and-opportunity",,
1770589,ACE RUG & FURNITURE CLEANING CO. (DBA),"1. https://www.franklinreport.com/ReportCard.aspx?v=6076
2. https://www.angi.com/companylist/us/ca/culver-city/ace-rug-and-furniture-cleaning-reviews-2019813.htm
3. https://www.mapquest.com/us/california/ace-rug-furniture-cleaning-co-444000050
4. https://www.indeed.com/cmp/Ace-Carpet-Cleaning/reviews?fcountry=ALL",,
2590881,"ANDREASEN SECURITY SAFE, INC.","1. https://www.bbb.org/us/ca/hayward/profile/safe/andreasen-security-safe-inc-1116-877953
2. https://bubba.ai/trucking-companies/california/hayward/andreasen-security-safe-inc-2919520
3. https://www.highergov.com/awardee/andreasen-security-safe-inc-12474432/
4. https://securitysafeusa.com/meet-our-team
5. https://www.zoominfo.com/pic/security-safe-company-inc/249872844
6. https://www.mapquest.com/us/california/security-safe-11852883
7. https://www.sdge.com/sites/default/files/ISN%20COMPLIANT%20CONTRACTOR%20LIST_02JAN2026.pdf",,
4196920,NASTEC INTERNATIONAL INC,"1. https://rocketreach.co/nastec-international-inc-profile_b5cea6fff42e09be
2. https://www.cience.com/company/nastec-international/849568760849939182
3. https://www.zoominfo.com/c/nastec-international-inc/1142275651
4. https://www.zoominfo.com/pic/nastec-international-inc/1142275651
5. https://www.salary.com/research/company/nastec-international-inc-salary
6. https://www.salary.com/research/company/nastec-salary
7. https://certifiedelectronicstechnician.org/nastec-appliance-exams/
8. https://www.zoominfo.com/c/nastecaviationcom/346256276
9. https://www.datanyze.com/companies/nastec-international/346256276",,
5087357,"VICTIM RESTITUTION SERVICES, INC.","1. https://victims.ca.gov/restitution/
2. https://victims.ca.gov/for-victims/get-help/?vcb_resource_location=orange
3. https://www.indeed.com/viewjob?jk=1c96ea88fffffd5d
4. https://www.sandiegocounty.gov/content/dam/sdc/auditor/annual_report22/ACFR2022.pdf
5. https://www.police.uci.edu/clery/annual-reports/uci_security_report.pdf
6. https://pure.uva.nl/ws/files/180373013/9789048553860.pdf
7. https://lasaweb.org/uploads/0-lasa2025-program-may22-reduced-file-v5.pdf",,
5170730,CAREWORKS HEALTH SERVICES (A CORP),"1. https://growjo.com/company/CareWorks_Health_Services
2. https://www.careworkshealthservices.com/about/news/
3. https://www.zoominfo.com/c/careworks-health-services/400547465
4. https://www.indeed.com/cmp/Careworks-Health-Services/reviews
5. https://www.ziprecruiter.com/Jobs/Careworks
6. https://recruiting.paylocity.com/recruiting/jobs/All/d6486792-0b66-4493-a43f-c1fa351ed37f/Careworks-Health-Services-Careers-Page
7. https://www.communityresourcefinder.org/ProviderProfileView/Index?providerId=27E2407A20&profileDefinitionId=16",,
5194944,"SUNSET SIGNS AND PRINTING, INC.","1. https://www.zoominfo.com/pic/sunset-signs-and-printing-inc/344192301
2. https://www.zoominfo.com/c/sunset-signs-and-printing-inc/344192301
3. https://rocketreach.co/sunset-signs-profile_b5b88bdaf9b3348c
4. https://www.indeed.com/cmp/Sunset-Signs
5. https://www.privco.com/company/sunset-signs-printing_private_stock_annual_report_financials
6. https://www.cience.com/company/sunset-signs/-4604138189733589140
7. https://www.datanyze.com/companies/sunset-signs-and-printing/344192301",,
5384304,VISITING ANGELS OF EL CAJON (DBA),"1. https://www.zoominfo.com/c/visiting-angels/54149528
2. https://www.visitingangels.com/santee/employment
3. https://leadiq.com/c/visiting-angels/5a1d8d49540000590073eccc/employee-directory
4. https://web.hcaoa.org/Home-Care-Provider/Visiting-Angels-El-Cajon-5286
5. https://www.visitingangels.com/santee/home
6. https://www.visitingangels.com/santee/home-care-el-cajon
7. https://www.payscale.com/research/US/Employer=Visiting_Angels,_Inc./Salary
8. https://www.visitingangels.com/santee/contact-us
9. https://www.aplaceformom.com/community/visiting-angels-of-el-cajon-ca-153262",,
5460860,CORONA ORANGE FOODS HOLDINGS LLC,"1. https://www.dnb.com/business-directory/company-profiles.corona-orange_foods_intermediate_holdings_llc.17e9482504dedf724fda70985904c69c.html
2. https://winecountrytimes.com/corona-orange-foods-intermediate-holdings-llc-in-corona-california-receives-fda-inspection/
3. https://reyesholdings.com
4. https://reyesbeveragegroup.com
5. https://incfact.com/company/coronaorangefoods-chicago-il/
6. https://fortune.com/ranking/fortune500/
7. https://www.quiktrip.com
8. https://m.ruthschris.com/home",,
5519374,BNA COLOR INDUSTRY INC,"1. https://www.zoominfo.com/c/bna-color-industry-inc/410343311
2. https://labormarketinfo.edd.ca.gov/aspdotnet/databrowsing/empDetails.aspx?menuChoice=emp&empid=406156683&geogArea=0601000000
3. https://staffdna.com
4. https://www.sqfi.com/our-program/what-is-sqf
5. https://www.seyfarth.com/people/howard-m-wexler.html
6. https://www.vastian.com/laboratories/market-overview
7. https://klehr.com/people/mark-e-berg/
8. https://muskegon-mi.gov
9. https://www.arclin.com",,
6515541,"CAL WEST COMMERCIAL APPLIANCE AND REFRIGERATION HVAC SERVICE, INC.","1. https://www.buildzoom.com/contractor/cal-west-commercial-appliance-refrigeration-service-inc
2. https://calwestrefrigeration.com
3. https://www.zoominfo.com/pic/cal-west-service-inc/17288837
4. https://calwestservice.nc1.4ib.me
5. https://jobs.trivalleycareercenter.org/employment/cal-west-commercial-appliance-and-refrigeration-sv-profile-3075.aspx
6. https://www.acgov.org/gsaapp/purchasing/bidContent_ftp/rfpDocs/3054_RFP%23902593_AttendeesList.docx",,
8548376,"DESERT CANYON POST ACUTE, LLC","1. https://www.zoominfo.com/c/desert-canyon-post-acute/480479917
2. https://www.datanyze.com/companies/desert-canyon-post-acute/480479917
3. https://projects.propublica.org/nursing-homes/homes/h-055307
4. https://hcai.ca.gov/facility/lancaster-health-care-center/
5. https://www.indeed.com/cmp/Desert-Canyon-Post-Acute/reviews
6. https://www.medicare.gov/care-compare/details/nursing-home/055307/view-all?state=CA
7. https://starpro.io/SA/DESERT_CANYON_POST_ACUTE_LLC_055307",,
8766355,PACIFIC UNIFORM SERVICE LLC DBA JOMAR TABLE LINEN,"1. https://www.ziprecruiter.com/c/Pacific-Laundry-Service/Job/Delivery-Route-Driver/-in-Carson,CA?jid=6ce2df37f8a48326
2. https://www.indeed.com/cmp/Pacific-Uniform
3. https://www.pacificuniform.com
4. https://www.warntracker.com/company
5. https://www.zoominfo.com/c/pacific-uniform-ordering/527970202
6. https://safer.fmcsa.dot.gov/query.asp?searchtype=ANY&query_type=queryCarrierSnapshot&query_param=USDOT&query_string=3025443
7. https://www.fda.gov/media/190878/download
8. https://www.ocwd.com/wp-content/uploads/WIC_20251008-1.pdf
9. https://attorneygenerallynnfitch.com/wp-content/uploads/2021/11/Final-Distributor-Settlement-Agreement-Distributors-8.13-Exhibit-Updates.pdf",,
8774524,"AMERICAN JEANS MANUFACTURER, INC.","1. https://en.wikipedia.org/wiki/AG_Jeans
2. https://www.zoominfo.com/c/good-american-llc/406690612
3. https://www.usitc.gov/publications/332/working_papers/id-085_denim_apparel_trade_and_production_final-compliant.pdf
4. https://www.gapinc.com/en-us/about/leadership/executive-leadership-team
5. https://crossroadstrading.com
6. https://www.nationalmssociety.org
7. https://www.vfc.com
8. https://www.rescue.org
9. https://www.thereformation.com/careers.html",,
9223726,"WEST COAST NATURALS, LLC","1. https://www.zoominfo.com/c/west-coast-naturals-llc/1237479193
2. https://www.zoominfo.com/c/westcoast-naturals/80920593
3. https://www.sandiego.gov/sites/default/files/tr_recent.pdf
4. https://massgaming.com/wp-content/uploads/Vendor-List-1-8-25.pdf
5. https://veseris.com/default/resources/post/formosan-subterranean-termite
6. https://www.unfi.com",,
9588214,THE QUALITY FIRM/AC SERVICES,"1. https://www.signalhire.com/companies/the-quality-firm
2. https://rocketreach.co/the-quality-firm-profile_b43b0f2dc1908ac4
3. https://www.qualityref.com/meet-team/
4. https://www.zoominfo.com/c/the-quality-firm/546892192
5. https://www.zoominfo.com/pic/the-quality-firm/546892192
6. https://thequalityfirm.com/about/
7. https://thequalityfirm.com
8. https://thequalityfirm.com/services/qc-qa/",,
9632170,DBA STEP BY STEP CULTURAL ARTS,"1. https://www.indeed.com/q-step-by-step-cultural-arts-l-san-bernardino,-ca-jobs.html
2. https://stepbystepculturalarts.com/careers
3. https://stepbystepculturalarts.com
4. https://www.indeed.com/q-gallery-assistant-l-hemet,-ca-jobs.html
5. https://www.federalregister.gov/fr_index/pdf/2025/07/fr-index-July-2025.pdf",,
9881211,MILLWORKS OC INC CAPROCK VISALIA CP3 DISTRIBUTI,"1. https://www.anythingresearch.com/industry/Custom-Architectural-Woodwork-Millwork-Manufacturing.htm
2. https://en.wikipedia.org/wiki/Home_Depot
3. https://www.ziprecruiter.com/Jobs/Millwork-Salary
4. https://www.procore.com/network/p/millworksoc-anaheim
5. https://www.zoominfo.com/c/the-millwork-company-inc/411554154
6. https://www.marylandsaves.org/wp-content/uploads/2025/12/2026-Annual-Report-Fee-Waivers-12112025.pdf
7. https://www.sierrafp.com/Brands/murphy
8. https://www.gsa.gov/system/files/2018_P100_Final_5-7-19_compressed.pdf",,
273680,DMS BUILDING CONSTRUCTION CLEAN UP (DBA),"1. https://www.buildzoom.com/contractor/dms-building-maintenance-inc
2. https://dmsjanitorial.com
3. https://dmsjanitorial.com/about/
4. https://www.bbb.org/us/ca/placentia/profile/janitor-service/dms-building-maintenance-inc-1126-100121593
5. https://dms251.com/capabilities/
6. https://www.manta.com/c/mx5xl8h/dms-janitorial-services-building-maintenance-inc
7. https://www.zoominfo.com/c/dms-building-maintenance-inc/348581616","1. https://www.buildzoom.com/contractor/dms-building-maintenance-inc
2. https://www.bbb.org/us/ca/placentia/profile/janitor-service/dms-building-maintenance-inc-1126-100121593
3. https://dmsjanitorial.com/about/
4. https://www.dmsfacilityservices.com
5. https://www.zoominfo.com/c/dms-building-maintenance-inc/348581616
6. https://www.mapquest.com/us/california/dms-352401863
7. https://dmsjanitorial.com/locations/
8. https://www.privco.com/company/dms-building-maintenance-dba-dms-construction-clean-up
9. https://dmsjanitorial.com"",
10. https://www.zoominfo.com/c/dms-building-maintenance-inc/348581616"",
11. https://www.buildzoom.com/contractor/dms-building-maintenance-inc"",
12. https://www.bbb.org/us/ca/placentia/profile/janitor-service/dms-building-maintenance-inc-1126-100121593"",
13. https://dmsjanitorial.com/about/"",
14. https://www.privco.com/company/dms-building-maintenance-dba-dms-construction-clean-up""",
2039965,TECHIQUE KIDS SPORTS & ACTIVITY CENTER,"1. https://www.indeed.com/q-gymnastics-l-los-angeles,-ca-jobs.html
2. https://www.teamworkonline.com/jobs-in-sports
3. https://www.mlb.com/astros/team/front-office
4. https://www.activityhero.com/biz/8935-technique-gymnastics-rancho-cordova-ca
5. https://ballmergroup.org/our-grants/",,
2093688,ANTELOPE VALLEY DOMESTIC VIOLENCE COUNCIL INC (NONPROFIT CORP),"1. https://projects.propublica.org/nonprofits/organizations/953582588
2. https://www.zoominfo.com/pic/valley-oasis-inc/3524180
3. https://rocketreach.co/antelope-valley-domestic-violence-council-management_b4586d83fc5d4d05
4. https://ceo.lacounty.gov/wp-content/uploads/2022/04/CBO-Database-2.0.pdf
5. https://www.indeed.com/cmp/Antelope-Valley-Domestic-Violence-Council
6. https://www.guidestar.org/profile/95-3582588
7. https://www.valleyoasis.org
8. https://www.datanyze.com/companies/valley-oasis/3524180",,
2217981,"METROPOLITAN AREA ADVISORY COMMITTEE ON ANTI-POVERTY OF SAN DIEGO COUNTY, INC.","1. https://projects.propublica.org/nonprofits/organizations/952457354
2. https://maacproject.org
3. https://www.causeiq.com/organizations/metropolitan-area-advisory-committee-on-anti-pover,952457354/
4. https://www.kpbs.org/news/economy/2026/01/22/san-diego-announces-assistance-program-for-annual-trash-and-recycling-fees
5. https://maacproject.org/wp-content/uploads/2025/10/RFP_Workshop-Presenter_Impact-Conference-2026.pdf
6. https://www.usaspending.gov/recipient/a7afc6a7-159d-c069-d4fe-959e9985a1b8-P/latest
7. https://sdhc.org/101_crest-on-imperial_final/
8. https://www.sandiegocounty.gov/content/dam/sdc/bos/agenda/sop/02102026%20General%20Legislative%20Session%20SOP.pdf",,
2600846,"STONE BLUE, INC.","1. https://edd.ca.gov/siteassets/files/jobs_and_training/warn/warn_report1.xlsx
2. https://www.blackstone.com/careers/students/
3. https://www.westlake.com
4. https://www.ironmountain.com
5. https://www.cushmanwakefield.com/en/united-states/people
6. https://www.dol.gov/agencies/whd/government-contracts/prevailing-wage-resource-book/db-wage-determinations
7. https://www.doi.gov",,
2842441,FIVE KEYS SCHOOLS AND PROGRAMS,"1. https://rocketreach.co/five-keys-schools-and-programs-profile_b5a79904f68440d0
2. https://www.zoominfo.com/c/five-keys/1157965581
3. https://www.guidestar.org/profile/81-0622701
4. https://www.highergov.com/awardee/five-keys-schools-and-programs-13317608/
5. https://www.fivekeyscharter.org
6. https://projects.propublica.org/nonprofits/organizations/810622701
7. https://www.causeiq.com/organizations/the-san-francisco-sheriffs-department-five-keys-ch,810622701/
8. https://app.candid.org/profile/8227800/five-keys-schools-and-programs/?pkId=40928448-a231-41cb-a976-19f42600dfa7&isActive=true
9. https://projects.propublica.org/nonprofits/organizations/810622701/202531349349308473/full",,
5628862,THE TEEN PROJECT,"1. https://www.indeed.com/cmp/The-Teen-Project
2. https://projects.propublica.org/nonprofits/organizations/300421837
3. https://www.dnb.com/business-directory/company-profiles.the_teen_project_inc.47da7866e1279c520a5115614f9e1e48.html
4. https://www.zoominfo.com/pic/the-teen-project-inc/348731739
5. https://www.clearinghousecdfi.com/impact_story/the-teen-project-vannuys-ca/
6. https://www.zoominfo.com/c/the-teen-project-inc/348731739
7. https://www.charitynavigator.org/ein/300421837
8. https://theteenproject.org/about-us/
9. https://projects.propublica.org/nonprofits/organizations/300421837/201442139349301254/full",,
6235712,CALIFORNIA DRUG CONSULTANTS INC.,"1. https://www.causeiq.com/organizations/moreno-valley-assisted-living-facil,953175546/
2. https://projects.propublica.org/nonprofits/organizations/953175546
3. https://docrepo.rccd.edu/soc/26WIN-mvc.pdf
4. https://www.pagatracker.com/employer_details?name=California+Drug+Consultants%2C+Inc
5. https://www.primecaremedical.com
6. https://www.mcknightsseniorliving.com/news/2-5m-judgment-against-operator-for-residents-serious-and-painful-injuries-results-in-changes-to-practices-contracts/
7. https://moval.gov/departments/financial-mgmt-svcs/fin-pdf/budget-25-26/BudgetReference-ProposedBudget-FY25-27.pdf
8. https://oag.ca.gov/privacy/databreach/list",,
7661143,"DEL REY FUEL, LLC DBA DEL REY LANDING","1. https://www.energy.gov/sites/default/files/2025-06/doe-fy-2026-bib-v6.pdf
2. https://www.dla.mil/Energy/
3. https://www.ces.tech/press-releases/ces-2026-the-future-is-here
4. https://imigroup.com
5. https://www.federalregister.gov/documents/2025/06/17/2025-11128/renewable-fuel-standard-rfs-program-standards-for-2026-and-2027-partial-waiver-of-2025-cellulosic
6. https://suntex.com
7. https://www.transportation.gov",,
8574228,NEW HOPE FOR YOUTH,"1. https://growjo.com/company/Hope_For_Youth
2. https://www.causeiq.com/directory/youth-development-organizations-list/san-jose-sunnyvale-santa-clara-ca-metro/
3. https://projects.propublica.org/nonprofits/organizations/371737287
4. http://www.newhopeforyouth.org/staff
5. http://www.newhopeforyouth.org/career
6. https://www.causeiq.com/organizations/new-hope-for-youth,371737287/
7. https://www.guidestar.org/profile/37-1737287
8. https://projects.propublica.org/nonprofits/organizations/371737287/202542799349302304/full
9. http://www.newhopeforyouth.org",,
8614107,NEW BEGINNINGS SUPPORTED LIVING SERVICES INC,"1. https://www.ziprecruiter.com/c/New-Beginnings-Supported-Living-Ser/Job/Scheduling-On-Call-Specialist/-in-Camarillo,CA?jid=30d6197ec6cfd582
2. https://www.indeed.com/cmp/New-Beginnings-Home-Care/reviews
3. https://thenewbeginningscenter.com/our-staff/
4. https://www.begnew.com/supported-living-services
5. https://www.indeed.com/q-new-beginnings-supported-living-ser-l-ojai,-ca-jobs.html
6. https://thenewbeginningscenter.com/careers/
7. https://www.ziprecruiter.com/Jobs/New-Beginnings/--in-California",,
9521282,"PAOLINO LOGISTICS, LLC","1. https://www.indeed.com/cmp/Paolino-Logistics
2. https://www.indeed.com/cmp/Paolino-Logistics/reviews
3. https://www.dol.gov/sites/dolgov/files/ETA/oflc/pdfs/h-2b_fy14_q3.xlsx
4. https://paolinodelivery.com
5. https://safer.fmcsa.dot.gov/query.asp?searchtype=ANY&query_type=queryCarrierSnapshot&query_param=USDOT&query_string=3496773
6. https://www.indeed.com/cmp/Paolino-Logistics/reviews?ftopic=mgmt
7. https://roomtax.tourism.pr.gov/exemption_reqs.php?lan=en
8. https://www.tips-usa.com/assets/Commoditypdf/220702_Temporary_Flood_Barriers_BIDRESP.pdf",,
9680713,STAR KLEEN PRESSURE WASHING LLC,"1. https://www.zoominfo.com/c/startkleen-llc/355025184
2. https://www.keptcompanies.com
3. https://xtreme-kleen-pressure-washing.wheree.com
4. https://www.allstarpowerwashsd.com
5. https://www.youtube.com/watch?v=MtdHrzFHbw8
6. https://www.housecallpro.com/resources/how-to-start-window-cleaning-business/
7. https://www.hunton.com/the-nickel-report/what-to-watch-for-in-2026-extended-producer-responsibility-epr-a-legal-bombshell-to-start-off-2026
8. https://www.dell.com/en-us/lp/dt/reports-and-resources",,
9923915,"HANIL ECO SOLUTIONS, INC.","1. https://rocketreach.co/hong-yoon-email_48397552
2. https://www.keppel.com/en/file/media/media-releases-sgx/2022/08-aug/8-august-kit-presentation/kit-proposed-acquisition-of-emk.pdf
3. https://www.epiroc.com/en-us/customer-stories
4. https://sk-inc.com/_upload/ACTL/09759f03-98bf-44d9-b233-f1d98bb5aa4b.pdf
5. https://seoyoneh.com/html/_file/Sustainability%20Report_2025_Seoyon%20E-hwa_EN.pdf",,